Product Id,Product Handle,Product Title,Product Status,Product Thumbnail,Product Sales Channel 1,Variant Id
prod_01KGFMVANQ2057HAX9H0AY4EBE,essential-crewneck-sweatshirt,Essential Crewneck Sweatshirt,published,https://cdn.mignite.app/ws/works_01KGFKTHDC6ZD3WS7GQTX8992N/generated-01KGFNAR95WJJF8JJS0NF26DSJ-01KGFNAR95D1EWVKV58XKZ1FWH.jpeg,sc_01KGFKWZVWDRXCRWFV6RG7E51D,variant_01KGFMVASS48QQH82VAP89E97B
prod_01KGFMVANQ2057HAX9H0AY4EBE,essential-crewneck-sweatshirt,Essential Crewneck Sweatshirt,published,https://cdn.mignite.app/ws/works_01KGFKTHDC6ZD3WS7GQTX8992N/generated-01KGFNAR95WJJF8JJS0NF26DSJ-01KGFNAR95D1EWVKV58XKZ1FWH.jpeg,sc_01KGFKWZVWDRXCRWFV6RG7E51D,variant_01KGFMVASSJ1GM8H09CZ1A69G0
prod_01KGFMVANQ2057HAX9H0AY4EBE,essential-crewneck-sweatshirt,Essential Crewneck Sweatshirt,published,https://cdn.mignite.app/ws/works_01KGFKTHDC6ZD3WS7GQTX8992N/generated-01KGFNAR95WJJF8JJS0NF26DSJ-01KGFNAR95D1EWVKV58XKZ1FWH.jpeg,sc_01KGFKWZVWDRXCRWFV6RG7E51D,variant_01KGFMVASTY6QR1XYF727YVWYZ
prod_01KGFMVANQ2057HAX9H0AY4EBE,essential-crewneck-sweatshirt,Essential Crewneck Sweatshirt,published,https://cdn.mignite.app/ws/works_01KGFKTHDC6ZD3WS7GQTX8992N/generated-01KGFNAR95WJJF8JJS0NF26DSJ-01KGFNAR95D1EWVKV58XKZ1FWH.jpeg,sc_01KGFKWZVWDRXCRWFV6RG7E51D,variant_01KGFMVAST4M71SYEXD7KJQQKR
prod_01KGFMVANQ2057HAX9H0AY4EBE,essential-crewneck-sweatshirt,Essential Crewneck Sweatshirt,published,https://cdn.mignite.app/ws/works_01KGFKTHDC6ZD3WS7GQTX8992N/generated-01KGFNAR95WJJF8JJS0NF26DSJ-01KGFNAR95D1EWVKV58XKZ1FWH.jpeg,sc_01KGFKWZVWDRXCRWFV6RG7E51D,variant_01KGFMVASTT31V106KA6XJMCSE
prod_01KGFMVANQ2057HAX9H0AY4EBE,essential-crewneck-sweatshirt,Essential Crewneck Sweatshirt,published,https://cdn.mignite.app/ws/works_01KGFKTHDC6ZD3WS7GQTX8992N/generated-01KGFNAR95WJJF8JJS0NF26DSJ-01KGFNAR95D1EWVKV58XKZ1FWH.jpeg,sc_01KGFKWZVWDRXCRWFV6RG7E51D,variant_01KGFMVASTBTM248PTKXN97HZV
prod_01KGFMVANQ2057HAX9H0AY4EBE,essential-crewneck-sweatshirt,Essential Crewneck Sweatshirt,published,https://cdn.mignite.app/ws/works_01KGFKTHDC6ZD3WS7GQTX8992N/generated-01KGFNAR95WJJF8JJS0NF26DSJ-01KGFNAR95D1EWVKV58XKZ1FWH.jpeg,sc_01KGFKWZVWDRXCRWFV6RG7E51D,variant_01KGFMVASVVW9PHXJ18FA9048Z
prod_01KGFMVANQ2057HAX9H0AY4EBE,essential-crewneck-sweatshirt,Essential Crewneck Sweatshirt,published,https://cdn.mignite.app/ws/works_01KGFKTHDC6ZD3WS7GQTX8992N/generated-01KGFNAR95WJJF8JJS0NF26DSJ-01KGFNAR95D1EWVKV58XKZ1FWH.jpeg,sc_01KGFKWZVWDRXCRWFV6RG7E51D,variant_01KGFMVASVWQ7FJKVHY4QJ4TGT
prod_01KGFMVANQ2057HAX9H0AY4EBE,essential-crewneck-sweatshirt,Essential Crewneck Sweatshirt,published,https://cdn.mignite.app/ws/works_01KGFKTHDC6ZD3WS7GQTX8992N/generated-01KGFNAR95WJJF8JJS0NF26DSJ-01KGFNAR95D1EWVKV58XKZ1FWH.jpeg,sc_01KGFKWZVWDRXCRWFV6RG7E51D,variant_01KGFMVASV4GEHYW5XRRMXAJ79
prod_01KGFMVANQ2057HAX9H0AY4EBE,essential-crewneck-sweatshirt,Essential Crewneck Sweatshirt,published,https://cdn.mignite.app/ws/works_01KGFKTHDC6ZD3WS7GQTX8992N/generated-01KGFNAR95WJJF8JJS0NF26DSJ-01KGFNAR95D1EWVKV58XKZ1FWH.jpeg,sc_01KGFKWZVWDRXCRWFV6RG7E51D,variant_01KGFMVASVPGH99WRQW9R8DPX3
prod_01KGFMVANQ2057HAX9H0AY4EBE,essential-crewneck-sweatshirt,Essential Crewneck Sweatshirt,published,https://cdn.mignite.app/ws/works_01KGFKTHDC6ZD3WS7GQTX8992N/generated-01KGFNAR95WJJF8JJS0NF26DSJ-01KGFNAR95D1EWVKV58XKZ1FWH.jpeg,sc_01KGFKWZVWDRXCRWFV6RG7E51D,variant_01KGFMVASVQQHCT3P8M279YAFG
prod_01KGFMVANQ2057HAX9H0AY4EBE,essential-crewneck-sweatshirt,Essential Crewneck Sweatshirt,published,https://cdn.mignite.app/ws/works_01KGFKTHDC6ZD3WS7GQTX8992N/generated-01KGFNAR95WJJF8JJS0NF26DSJ-01KGFNAR95D1EWVKV58XKZ1FWH.jpeg,sc_01KGFKWZVWDRXCRWFV6RG7E51D,variant_01KGFMVASV0PXH25F00Q0SJCX2
prod_01KGFMVANQ26T8GA3WHMJ0HP4C,relaxed-jogger-pant,Relaxed Jogger Pant,published,https://cdn.mignite.app/ws/works_01KGFKTHDC6ZD3WS7GQTX8992N/generated-01KGFNATYMG70JA9DB3A84GS2F-01KGFNATYMFERPWPVWAD10HEYC.jpeg,sc_01KGFKWZVWDRXCRWFV6RG7E51D,variant_01KGFMVASVXG3NPWXFC58AGPXV
prod_01KGFMVANQ26T8GA3WHMJ0HP4C,relaxed-jogger-pant,Relaxed Jogger Pant,published,https://cdn.mignite.app/ws/works_01KGFKTHDC6ZD3WS7GQTX8992N/generated-01KGFNATYMG70JA9DB3A84GS2F-01KGFNATYMFERPWPVWAD10HEYC.jpeg,sc_01KGFKWZVWDRXCRWFV6RG7E51D,variant_01KGFMVASVVSDNJYW98E5RVDW2
prod_01KGFMVANQ26T8GA3WHMJ0HP4C,relaxed-jogger-pant,Relaxed Jogger Pant,published,https://cdn.mignite.app/ws/works_01KGFKTHDC6ZD3WS7GQTX8992N/generated-01KGFNATYMG70JA9DB3A84GS2F-01KGFNATYMFERPWPVWAD10HEYC.jpeg,sc_01KGFKWZVWDRXCRWFV6RG7E51D,variant_01KGFMVASW69WBFA7ZY4Z7MCN0
prod_01KGFMVANQ26T8GA3WHMJ0HP4C,relaxed-jogger-pant,Relaxed Jogger Pant,published,https://cdn.mignite.app/ws/works_01KGFKTHDC6ZD3WS7GQTX8992N/generated-01KGFNATYMG70JA9DB3A84GS2F-01KGFNATYMFERPWPVWAD10HEYC.jpeg,sc_01KGFKWZVWDRXCRWFV6RG7E51D,variant_01KGFMVASWB088S4BM2Q76KR9M
prod_01KGFMVANQ26T8GA3WHMJ0HP4C,relaxed-jogger-pant,Relaxed Jogger Pant,published,https://cdn.mignite.app/ws/works_01KGFKTHDC6ZD3WS7GQTX8992N/generated-01KGFNATYMG70JA9DB3A84GS2F-01KGFNATYMFERPWPVWAD10HEYC.jpeg,sc_01KGFKWZVWDRXCRWFV6RG7E51D,variant_01KGFMVASW90H42YFTFGWNV7ZS
prod_01KGFMVANQ26T8GA3WHMJ0HP4C,relaxed-jogger-pant,Relaxed Jogger Pant,published,https://cdn.mignite.app/ws/works_01KGFKTHDC6ZD3WS7GQTX8992N/generated-01KGFNATYMG70JA9DB3A84GS2F-01KGFNATYMFERPWPVWAD10HEYC.jpeg,sc_01KGFKWZVWDRXCRWFV6RG7E51D,variant_01KGFMVASWR1EHPGCJS6220Y54
prod_01KGFMVANQ26T8GA3WHMJ0HP4C,relaxed-jogger-pant,Relaxed Jogger Pant,published,https://cdn.mignite.app/ws/works_01KGFKTHDC6ZD3WS7GQTX8992N/generated-01KGFNATYMG70JA9DB3A84GS2F-01KGFNATYMFERPWPVWAD10HEYC.jpeg,sc_01KGFKWZVWDRXCRWFV6RG7E51D,variant_01KGFMVASW91QGTK1G0MTG8AJ1
prod_01KGFMVANQ26T8GA3WHMJ0HP4C,relaxed-jogger-pant,Relaxed Jogger Pant,published,https://cdn.mignite.app/ws/works_01KGFKTHDC6ZD3WS7GQTX8992N/generated-01KGFNATYMG70JA9DB3A84GS2F-01KGFNATYMFERPWPVWAD10HEYC.jpeg,sc_01KGFKWZVWDRXCRWFV6RG7E51D,variant_01KGFMVASWZ4G3AP54SV7807W6
prod_01KGFMVANQ576BEYVD0W3F92QC,ribbed-long-sleeve-top,Ribbed Long Sleeve Top,published,https://cdn.mignite.app/ws/works_01KGFKTHDC6ZD3WS7GQTX8992N/generated-01KGFNAZHM9MY2JE089S3F482D-01KGFNAZHM1PDRJSET9YHHN40D.jpeg,sc_01KGFKWZVWDRXCRWFV6RG7E51D,variant_01KGFMVASYYEJVWF0H0HY3TMHB
prod_01KGFMVANQ576BEYVD0W3F92QC,ribbed-long-sleeve-top,Ribbed Long Sleeve Top,published,https://cdn.mignite.app/ws/works_01KGFKTHDC6ZD3WS7GQTX8992N/generated-01KGFNAZHM9MY2JE089S3F482D-01KGFNAZHM1PDRJSET9YHHN40D.jpeg,sc_01KGFKWZVWDRXCRWFV6RG7E51D,variant_01KGFMVASYPGYYA5MRZ61T7YT0
prod_01KGFMVANQ576BEYVD0W3F92QC,ribbed-long-sleeve-top,Ribbed Long Sleeve Top,published,https://cdn.mignite.app/ws/works_01KGFKTHDC6ZD3WS7GQTX8992N/generated-01KGFNAZHM9MY2JE089S3F482D-01KGFNAZHM1PDRJSET9YHHN40D.jpeg,sc_01KGFKWZVWDRXCRWFV6RG7E51D,variant_01KGFMVASYACY26MEDM5S7DAF6
prod_01KGFMVANQ576BEYVD0W3F92QC,ribbed-long-sleeve-top,Ribbed Long Sleeve Top,published,https://cdn.mignite.app/ws/works_01KGFKTHDC6ZD3WS7GQTX8992N/generated-01KGFNAZHM9MY2JE089S3F482D-01KGFNAZHM1PDRJSET9YHHN40D.jpeg,sc_01KGFKWZVWDRXCRWFV6RG7E51D,variant_01KGFMVASZEDEKYMD2KHRFY8S6
prod_01KGFMVANQ576BEYVD0W3F92QC,ribbed-long-sleeve-top,Ribbed Long Sleeve Top,published,https://cdn.mignite.app/ws/works_01KGFKTHDC6ZD3WS7GQTX8992N/generated-01KGFNAZHM9MY2JE089S3F482D-01KGFNAZHM1PDRJSET9YHHN40D.jpeg,sc_01KGFKWZVWDRXCRWFV6RG7E51D,variant_01KGFMVAT114KRXJEW6FTHZM5X
prod_01KGFMVANQ576BEYVD0W3F92QC,ribbed-long-sleeve-top,Ribbed Long Sleeve Top,published,https://cdn.mignite.app/ws/works_01KGFKTHDC6ZD3WS7GQTX8992N/generated-01KGFNAZHM9MY2JE089S3F482D-01KGFNAZHM1PDRJSET9YHHN40D.jpeg,sc_01KGFKWZVWDRXCRWFV6RG7E51D,variant_01KGFMVAT12MN2TTSHDT1PGC0X
prod_01KGFMVANQ576BEYVD0W3F92QC,ribbed-long-sleeve-top,Ribbed Long Sleeve Top,published,https://cdn.mignite.app/ws/works_01KGFKTHDC6ZD3WS7GQTX8992N/generated-01KGFNAZHM9MY2JE089S3F482D-01KGFNAZHM1PDRJSET9YHHN40D.jpeg,sc_01KGFKWZVWDRXCRWFV6RG7E51D,variant_01KGFMVAT1XCX188PDGXK6SQA9
prod_01KGFMVANQ576BEYVD0W3F92QC,ribbed-long-sleeve-top,Ribbed Long Sleeve Top,published,https://cdn.mignite.app/ws/works_01KGFKTHDC6ZD3WS7GQTX8992N/generated-01KGFNAZHM9MY2JE089S3F482D-01KGFNAZHM1PDRJSET9YHHN40D.jpeg,sc_01KGFKWZVWDRXCRWFV6RG7E51D,variant_01KGFMVAT1MF5PREHTMYTDG0EJ
prod_01KGFMVANQTYSA9MCRZ96P4C7J,minimal-tee,Minimal Tee,published,https://cdn.mignite.app/ws/works_01KGFKTHDC6ZD3WS7GQTX8992N/generated-01KGFNAWTSMF50MB0XKCXW0A7T-01KGFNAWTS32MGVY7KCM6YEJ4Q.jpeg,sc_01KGFKWZVWDRXCRWFV6RG7E51D,variant_01KGFMVASWEX8MER6MQ48S96GQ
prod_01KGFMVANQTYSA9MCRZ96P4C7J,minimal-tee,Minimal Tee,published,https://cdn.mignite.app/ws/works_01KGFKTHDC6ZD3WS7GQTX8992N/generated-01KGFNAWTSMF50MB0XKCXW0A7T-01KGFNAWTS32MGVY7KCM6YEJ4Q.jpeg,sc_01KGFKWZVWDRXCRWFV6RG7E51D,variant_01KGFMVASWC106C6ZQFK0WXFH7
prod_01KGFMVANQTYSA9MCRZ96P4C7J,minimal-tee,Minimal Tee,published,https://cdn.mignite.app/ws/works_01KGFKTHDC6ZD3WS7GQTX8992N/generated-01KGFNAWTSMF50MB0XKCXW0A7T-01KGFNAWTS32MGVY7KCM6YEJ4Q.jpeg,sc_01KGFKWZVWDRXCRWFV6RG7E51D,variant_01KGFMVASX909AZY25SSSBZ2DA
prod_01KGFMVANQTYSA9MCRZ96P4C7J,minimal-tee,Minimal Tee,published,https://cdn.mignite.app/ws/works_01KGFKTHDC6ZD3WS7GQTX8992N/generated-01KGFNAWTSMF50MB0XKCXW0A7T-01KGFNAWTS32MGVY7KCM6YEJ4Q.jpeg,sc_01KGFKWZVWDRXCRWFV6RG7E51D,variant_01KGFMVASXNQZTZ469SV41XBPQ
prod_01KGFMVANQTYSA9MCRZ96P4C7J,minimal-tee,Minimal Tee,published,https://cdn.mignite.app/ws/works_01KGFKTHDC6ZD3WS7GQTX8992N/generated-01KGFNAWTSMF50MB0XKCXW0A7T-01KGFNAWTS32MGVY7KCM6YEJ4Q.jpeg,sc_01KGFKWZVWDRXCRWFV6RG7E51D,variant_01KGFMVASX5SN5MDGTDS9YQG6E
prod_01KGFMVANQTYSA9MCRZ96P4C7J,minimal-tee,Minimal Tee,published,https://cdn.mignite.app/ws/works_01KGFKTHDC6ZD3WS7GQTX8992N/generated-01KGFNAWTSMF50MB0XKCXW0A7T-01KGFNAWTS32MGVY7KCM6YEJ4Q.jpeg,sc_01KGFKWZVWDRXCRWFV6RG7E51D,variant_01KGFMVASXGTVX37GWV3G4D451
prod_01KGFMVANQTYSA9MCRZ96P4C7J,minimal-tee,Minimal Tee,published,https://cdn.mignite.app/ws/works_01KGFKTHDC6ZD3WS7GQTX8992N/generated-01KGFNAWTSMF50MB0XKCXW0A7T-01KGFNAWTS32MGVY7KCM6YEJ4Q.jpeg,sc_01KGFKWZVWDRXCRWFV6RG7E51D,variant_01KGFMVASX2HPMGC843A7B9WE6
prod_01KGFMVANQTYSA9MCRZ96P4C7J,minimal-tee,Minimal Tee,published,https://cdn.mignite.app/ws/works_01KGFKTHDC6ZD3WS7GQTX8992N/generated-01KGFNAWTSMF50MB0XKCXW0A7T-01KGFNAWTS32MGVY7KCM6YEJ4Q.jpeg,sc_01KGFKWZVWDRXCRWFV6RG7E51D,variant_01KGFMVASYH0K5S3Y151MQPDN4
prod_01KGFMVANQTYSA9MCRZ96P4C7J,minimal-tee,Minimal Tee,published,https://cdn.mignite.app/ws/works_01KGFKTHDC6ZD3WS7GQTX8992N/generated-01KGFNAWTSMF50MB0XKCXW0A7T-01KGFNAWTS32MGVY7KCM6YEJ4Q.jpeg,sc_01KGFKWZVWDRXCRWFV6RG7E51D,variant_01KGFMVASYSVKCXP78S5YE3492
prod_01KGFMVANQTYSA9MCRZ96P4C7J,minimal-tee,Minimal Tee,published,https://cdn.mignite.app/ws/works_01KGFKTHDC6ZD3WS7GQTX8992N/generated-01KGFNAWTSMF50MB0XKCXW0A7T-01KGFNAWTS32MGVY7KCM6YEJ4Q.jpeg,sc_01KGFKWZVWDRXCRWFV6RG7E51D,variant_01KGFMVASYAY6CMMQ51YB07T8S
prod_01KGFMVANQTYSA9MCRZ96P4C7J,minimal-tee,Minimal Tee,published,https://cdn.mignite.app/ws/works_01KGFKTHDC6ZD3WS7GQTX8992N/generated-01KGFNAWTSMF50MB0XKCXW0A7T-01KGFNAWTS32MGVY7KCM6YEJ4Q.jpeg,sc_01KGFKWZVWDRXCRWFV6RG7E51D,variant_01KGFMVASY6312DYXG9FY9SKJV
prod_01KGFMVANQTYSA9MCRZ96P4C7J,minimal-tee,Minimal Tee,published,https://cdn.mignite.app/ws/works_01KGFKTHDC6ZD3WS7GQTX8992N/generated-01KGFNAWTSMF50MB0XKCXW0A7T-01KGFNAWTS32MGVY7KCM6YEJ4Q.jpeg,sc_01KGFKWZVWDRXCRWFV6RG7E51D,variant_01KGFMVASYPQZ5M40YN5RNWMHT
prod_01KGFMX8BKF8VBV5E3GSGR1HWR,lightweight-training-short,Lightweight Training Short,published,https://cdn.mignite.app/ws/works_01KGFKTHDC6ZD3WS7GQTX8992N/generated-01KGFNBEQF3HFSP5XJKCG7X6JN-01KGFNBEQFSHQ0X1HXVCCDBFYV.jpeg,sc_01KGFKWZVWDRXCRWFV6RG7E51D,variant_01KGFMX8EZMW08NTNENMA3CGNW
prod_01KGFMX8BKF8VBV5E3GSGR1HWR,lightweight-training-short,Lightweight Training Short,published,https://cdn.mignite.app/ws/works_01KGFKTHDC6ZD3WS7GQTX8992N/generated-01KGFNBEQF3HFSP5XJKCG7X6JN-01KGFNBEQFSHQ0X1HXVCCDBFYV.jpeg,sc_01KGFKWZVWDRXCRWFV6RG7E51D,variant_01KGFMX8EZWHNKTSEGKWQ9NZYZ
prod_01KGFMX8BKF8VBV5E3GSGR1HWR,lightweight-training-short,Lightweight Training Short,published,https://cdn.mignite.app/ws/works_01KGFKTHDC6ZD3WS7GQTX8992N/generated-01KGFNBEQF3HFSP5XJKCG7X6JN-01KGFNBEQFSHQ0X1HXVCCDBFYV.jpeg,sc_01KGFKWZVWDRXCRWFV6RG7E51D,variant_01KGFMX8EZJVB6RQSBHXBNBEXK
prod_01KGFMX8BKF8VBV5E3GSGR1HWR,lightweight-training-short,Lightweight Training Short,published,https://cdn.mignite.app/ws/works_01KGFKTHDC6ZD3WS7GQTX8992N/generated-01KGFNBEQF3HFSP5XJKCG7X6JN-01KGFNBEQFSHQ0X1HXVCCDBFYV.jpeg,sc_01KGFKWZVWDRXCRWFV6RG7E51D,variant_01KGFMX8EZ02H1MPH949QWN3N1
prod_01KGFMX8BKF8VBV5E3GSGR1HWR,lightweight-training-short,Lightweight Training Short,published,https://cdn.mignite.app/ws/works_01KGFKTHDC6ZD3WS7GQTX8992N/generated-01KGFNBEQF3HFSP5XJKCG7X6JN-01KGFNBEQFSHQ0X1HXVCCDBFYV.jpeg,sc_01KGFKWZVWDRXCRWFV6RG7E51D,variant_01KGFMX8F0Y8GSDSF5WAWCGD6A
prod_01KGFMX8BKF8VBV5E3GSGR1HWR,lightweight-training-short,Lightweight Training Short,published,https://cdn.mignite.app/ws/works_01KGFKTHDC6ZD3WS7GQTX8992N/generated-01KGFNBEQF3HFSP5XJKCG7X6JN-01KGFNBEQFSHQ0X1HXVCCDBFYV.jpeg,sc_01KGFKWZVWDRXCRWFV6RG7E51D,variant_01KGFMX8F00JE42DNBMQMJFGQP
prod_01KGFMX8BKF8VBV5E3GSGR1HWR,lightweight-training-short,Lightweight Training Short,published,https://cdn.mignite.app/ws/works_01KGFKTHDC6ZD3WS7GQTX8992N/generated-01KGFNBEQF3HFSP5XJKCG7X6JN-01KGFNBEQFSHQ0X1HXVCCDBFYV.jpeg,sc_01KGFKWZVWDRXCRWFV6RG7E51D,variant_01KGFMX8F00NKS3JFPRPBYYR6J
prod_01KGFMX8BKF8VBV5E3GSGR1HWR,lightweight-training-short,Lightweight Training Short,published,https://cdn.mignite.app/ws/works_01KGFKTHDC6ZD3WS7GQTX8992N/generated-01KGFNBEQF3HFSP5XJKCG7X6JN-01KGFNBEQFSHQ0X1HXVCCDBFYV.jpeg,sc_01KGFKWZVWDRXCRWFV6RG7E51D,variant_01KGFMX8F05NPZK20CG19XE8H0
prod_01KGFMX8BKNZX1GV9P86ZDAF0M,ribbed-sports-bra,Ribbed Sports Bra,published,https://cdn.mignite.app/ws/works_01KGFKTHDC6ZD3WS7GQTX8992N/generated-01KGFNBCBD447V2A3TZ0MSM1K4-01KGFNBCBDA41D37SY5BEMF2QN.jpeg,sc_01KGFKWZVWDRXCRWFV6RG7E51D,variant_01KGFMX8EYMGRC2ZNP6ZJK6QB0
prod_01KGFMX8BKNZX1GV9P86ZDAF0M,ribbed-sports-bra,Ribbed Sports Bra,published,https://cdn.mignite.app/ws/works_01KGFKTHDC6ZD3WS7GQTX8992N/generated-01KGFNBCBD447V2A3TZ0MSM1K4-01KGFNBCBDA41D37SY5BEMF2QN.jpeg,sc_01KGFKWZVWDRXCRWFV6RG7E51D,variant_01KGFMX8EY6YBVAKQD01EM9N1A
prod_01KGFMX8BKNZX1GV9P86ZDAF0M,ribbed-sports-bra,Ribbed Sports Bra,published,https://cdn.mignite.app/ws/works_01KGFKTHDC6ZD3WS7GQTX8992N/generated-01KGFNBCBD447V2A3TZ0MSM1K4-01KGFNBCBDA41D37SY5BEMF2QN.jpeg,sc_01KGFKWZVWDRXCRWFV6RG7E51D,variant_01KGFMX8EYJRKM6AFH7XD2GS9C
prod_01KGFMX8BKNZX1GV9P86ZDAF0M,ribbed-sports-bra,Ribbed Sports Bra,published,https://cdn.mignite.app/ws/works_01KGFKTHDC6ZD3WS7GQTX8992N/generated-01KGFNBCBD447V2A3TZ0MSM1K4-01KGFNBCBDA41D37SY5BEMF2QN.jpeg,sc_01KGFKWZVWDRXCRWFV6RG7E51D,variant_01KGFMX8EYQ6XYNYFT7F0DZSBT
prod_01KGFMX8BKNZX1GV9P86ZDAF0M,ribbed-sports-bra,Ribbed Sports Bra,published,https://cdn.mignite.app/ws/works_01KGFKTHDC6ZD3WS7GQTX8992N/generated-01KGFNBCBD447V2A3TZ0MSM1K4-01KGFNBCBDA41D37SY5BEMF2QN.jpeg,sc_01KGFKWZVWDRXCRWFV6RG7E51D,variant_01KGFMX8EY91N60XWFPFK7SFH6
prod_01KGFMX8BKNZX1GV9P86ZDAF0M,ribbed-sports-bra,Ribbed Sports Bra,published,https://cdn.mignite.app/ws/works_01KGFKTHDC6ZD3WS7GQTX8992N/generated-01KGFNBCBD447V2A3TZ0MSM1K4-01KGFNBCBDA41D37SY5BEMF2QN.jpeg,sc_01KGFKWZVWDRXCRWFV6RG7E51D,variant_01KGFMX8EZE8WSJTGN26AV8ARB
prod_01KGFMX8BKNZX1GV9P86ZDAF0M,ribbed-sports-bra,Ribbed Sports Bra,published,https://cdn.mignite.app/ws/works_01KGFKTHDC6ZD3WS7GQTX8992N/generated-01KGFNBCBD447V2A3TZ0MSM1K4-01KGFNBCBDA41D37SY5BEMF2QN.jpeg,sc_01KGFKWZVWDRXCRWFV6RG7E51D,variant_01KGFMX8EZCF53K0S2X5V8ZJEA
prod_01KGFMX8BKNZX1GV9P86ZDAF0M,ribbed-sports-bra,Ribbed Sports Bra,published,https://cdn.mignite.app/ws/works_01KGFKTHDC6ZD3WS7GQTX8992N/generated-01KGFNBCBD447V2A3TZ0MSM1K4-01KGFNBCBDA41D37SY5BEMF2QN.jpeg,sc_01KGFKWZVWDRXCRWFV6RG7E51D,variant_01KGFMX8EZVGQA182AZ1M19NQ8
prod_01KGFMX8BKR6PQ7D134XJ1W3BY,performance-legging,Performance Legging,published,https://cdn.mignite.app/ws/works_01KGFKTHDC6ZD3WS7GQTX8992N/generated-01KGFNBA8DSFBP1F4J0GAX5JBP-01KGFNBA8DAZNAWPA4923GYDWQ.jpeg,sc_01KGFKWZVWDRXCRWFV6RG7E51D,variant_01KGFMX8EWE97CD54YBTRZ26JW
prod_01KGFMX8BKR6PQ7D134XJ1W3BY,performance-legging,Performance Legging,published,https://cdn.mignite.app/ws/works_01KGFKTHDC6ZD3WS7GQTX8992N/generated-01KGFNBA8DSFBP1F4J0GAX5JBP-01KGFNBA8DAZNAWPA4923GYDWQ.jpeg,sc_01KGFKWZVWDRXCRWFV6RG7E51D,variant_01KGFMX8EW4V6S82693YZKAX2Z
prod_01KGFMX8BKR6PQ7D134XJ1W3BY,performance-legging,Performance Legging,published,https://cdn.mignite.app/ws/works_01KGFKTHDC6ZD3WS7GQTX8992N/generated-01KGFNBA8DSFBP1F4J0GAX5JBP-01KGFNBA8DAZNAWPA4923GYDWQ.jpeg,sc_01KGFKWZVWDRXCRWFV6RG7E51D,variant_01KGFMX8EW8X275Q3G7VR09BV9
prod_01KGFMX8BKR6PQ7D134XJ1W3BY,performance-legging,Performance Legging,published,https://cdn.mignite.app/ws/works_01KGFKTHDC6ZD3WS7GQTX8992N/generated-01KGFNBA8DSFBP1F4J0GAX5JBP-01KGFNBA8DAZNAWPA4923GYDWQ.jpeg,sc_01KGFKWZVWDRXCRWFV6RG7E51D,variant_01KGFMX8EX6S2DM09CY0ZBQW8B
prod_01KGFMX8BKR6PQ7D134XJ1W3BY,performance-legging,Performance Legging,published,https://cdn.mignite.app/ws/works_01KGFKTHDC6ZD3WS7GQTX8992N/generated-01KGFNBA8DSFBP1F4J0GAX5JBP-01KGFNBA8DAZNAWPA4923GYDWQ.jpeg,sc_01KGFKWZVWDRXCRWFV6RG7E51D,variant_01KGFMX8EXW0AF5S7WSB0N6KTG
prod_01KGFMX8BKR6PQ7D134XJ1W3BY,performance-legging,Performance Legging,published,https://cdn.mignite.app/ws/works_01KGFKTHDC6ZD3WS7GQTX8992N/generated-01KGFNBA8DSFBP1F4J0GAX5JBP-01KGFNBA8DAZNAWPA4923GYDWQ.jpeg,sc_01KGFKWZVWDRXCRWFV6RG7E51D,variant_01KGFMX8EX5Q19E88QXX4B4XXJ
prod_01KGFMX8BKR6PQ7D134XJ1W3BY,performance-legging,Performance Legging,published,https://cdn.mignite.app/ws/works_01KGFKTHDC6ZD3WS7GQTX8992N/generated-01KGFNBA8DSFBP1F4J0GAX5JBP-01KGFNBA8DAZNAWPA4923GYDWQ.jpeg,sc_01KGFKWZVWDRXCRWFV6RG7E51D,variant_01KGFMX8EXDCTBRF19GW1J0KPM
prod_01KGFMX8BKR6PQ7D134XJ1W3BY,performance-legging,Performance Legging,published,https://cdn.mignite.app/ws/works_01KGFKTHDC6ZD3WS7GQTX8992N/generated-01KGFNBA8DSFBP1F4J0GAX5JBP-01KGFNBA8DAZNAWPA4923GYDWQ.jpeg,sc_01KGFKWZVWDRXCRWFV6RG7E51D,variant_01KGFMX8EX8XP4T496FX0YGSD3
prod_01KGFMX8BKR6PQ7D134XJ1W3BY,performance-legging,Performance Legging,published,https://cdn.mignite.app/ws/works_01KGFKTHDC6ZD3WS7GQTX8992N/generated-01KGFNBA8DSFBP1F4J0GAX5JBP-01KGFNBA8DAZNAWPA4923GYDWQ.jpeg,sc_01KGFKWZVWDRXCRWFV6RG7E51D,variant_01KGFMX8EXVCYYVNA7JRVGX0E6
prod_01KGFMX8BKR6PQ7D134XJ1W3BY,performance-legging,Performance Legging,published,https://cdn.mignite.app/ws/works_01KGFKTHDC6ZD3WS7GQTX8992N/generated-01KGFNBA8DSFBP1F4J0GAX5JBP-01KGFNBA8DAZNAWPA4923GYDWQ.jpeg,sc_01KGFKWZVWDRXCRWFV6RG7E51D,variant_01KGFMX8EYQ0AS96WZ37ENVAMS
prod_01KGFMX8BKR6PQ7D134XJ1W3BY,performance-legging,Performance Legging,published,https://cdn.mignite.app/ws/works_01KGFKTHDC6ZD3WS7GQTX8992N/generated-01KGFNBA8DSFBP1F4J0GAX5JBP-01KGFNBA8DAZNAWPA4923GYDWQ.jpeg,sc_01KGFKWZVWDRXCRWFV6RG7E51D,variant_01KGFMX8EYJH2MA7293M8HB1FQ
prod_01KGFMX8BKR6PQ7D134XJ1W3BY,performance-legging,Performance Legging,published,https://cdn.mignite.app/ws/works_01KGFKTHDC6ZD3WS7GQTX8992N/generated-01KGFNBA8DSFBP1F4J0GAX5JBP-01KGFNBA8DAZNAWPA4923GYDWQ.jpeg,sc_01KGFKWZVWDRXCRWFV6RG7E51D,variant_01KGFMX8EY6RW0G0ECVWRA7QJ3
prod_01KGFMX8BMGFATM4CZYPZFKANF,studio-zip-jacket,Studio Zip Jacket,published,https://cdn.mignite.app/ws/works_01KGFKTHDC6ZD3WS7GQTX8992N/generated-01KGFNBH1E3MRAEN3EA21HQSA6-01KGFNBH1EPH87F0HE1Q09DQM0.jpeg,sc_01KGFKWZVWDRXCRWFV6RG7E51D,variant_01KGFMX8F00AA8HKJ2NFNFFVG0
prod_01KGFMX8BMGFATM4CZYPZFKANF,studio-zip-jacket,Studio Zip Jacket,published,https://cdn.mignite.app/ws/works_01KGFKTHDC6ZD3WS7GQTX8992N/generated-01KGFNBH1E3MRAEN3EA21HQSA6-01KGFNBH1EPH87F0HE1Q09DQM0.jpeg,sc_01KGFKWZVWDRXCRWFV6RG7E51D,variant_01KGFMX8F0EMZZCX84P46WHX6Y
prod_01KGFMX8BMGFATM4CZYPZFKANF,studio-zip-jacket,Studio Zip Jacket,published,https://cdn.mignite.app/ws/works_01KGFKTHDC6ZD3WS7GQTX8992N/generated-01KGFNBH1E3MRAEN3EA21HQSA6-01KGFNBH1EPH87F0HE1Q09DQM0.jpeg,sc_01KGFKWZVWDRXCRWFV6RG7E51D,variant_01KGFMX8F1KSR9X2C8BM29MKFH
prod_01KGFMX8BMGFATM4CZYPZFKANF,studio-zip-jacket,Studio Zip Jacket,published,https://cdn.mignite.app/ws/works_01KGFKTHDC6ZD3WS7GQTX8992N/generated-01KGFNBH1E3MRAEN3EA21HQSA6-01KGFNBH1EPH87F0HE1Q09DQM0.jpeg,sc_01KGFKWZVWDRXCRWFV6RG7E51D,variant_01KGFMX8F1GK184PJGD6KHT94W
prod_01KGFMX8BMGFATM4CZYPZFKANF,studio-zip-jacket,Studio Zip Jacket,published,https://cdn.mignite.app/ws/works_01KGFKTHDC6ZD3WS7GQTX8992N/generated-01KGFNBH1E3MRAEN3EA21HQSA6-01KGFNBH1EPH87F0HE1Q09DQM0.jpeg,sc_01KGFKWZVWDRXCRWFV6RG7E51D,variant_01KGFMX8F1GW8H07N7KS3AVN4R
prod_01KGFMX8BMGFATM4CZYPZFKANF,studio-zip-jacket,Studio Zip Jacket,published,https://cdn.mignite.app/ws/works_01KGFKTHDC6ZD3WS7GQTX8992N/generated-01KGFNBH1E3MRAEN3EA21HQSA6-01KGFNBH1EPH87F0HE1Q09DQM0.jpeg,sc_01KGFKWZVWDRXCRWFV6RG7E51D,variant_01KGFMX8F1BA0MTD6AC5N8WBFG
prod_01KGFMX8BMGFATM4CZYPZFKANF,studio-zip-jacket,Studio Zip Jacket,published,https://cdn.mignite.app/ws/works_01KGFKTHDC6ZD3WS7GQTX8992N/generated-01KGFNBH1E3MRAEN3EA21HQSA6-01KGFNBH1EPH87F0HE1Q09DQM0.jpeg,sc_01KGFKWZVWDRXCRWFV6RG7E51D,variant_01KGFMX8F1NNDWDF13BJZKQDDF
prod_01KGFMX8BMGFATM4CZYPZFKANF,studio-zip-jacket,Studio Zip Jacket,published,https://cdn.mignite.app/ws/works_01KGFKTHDC6ZD3WS7GQTX8992N/generated-01KGFNBH1E3MRAEN3EA21HQSA6-01KGFNBH1EPH87F0HE1Q09DQM0.jpeg,sc_01KGFKWZVWDRXCRWFV6RG7E51D,variant_01KGFMX8F1HRWRD9ASKPYGEM1K
prod_01KGFMZ0HPM6XG835JC55H6TN0,movement-windbreaker,Movement Windbreaker,published,https://cdn.mignite.app/ws/works_01KGFKTHDC6ZD3WS7GQTX8992N/generated-01KGFNBXGERZRHJ4D194X8K17E-01KGFNBXGEK5BKN265W996TEM1.jpeg,sc_01KGFKWZVWDRXCRWFV6RG7E51D,variant_01KGFMZ0MMGGGKQT6NK6NYKF88
prod_01KGFMZ0HPM6XG835JC55H6TN0,movement-windbreaker,Movement Windbreaker,published,https://cdn.mignite.app/ws/works_01KGFKTHDC6ZD3WS7GQTX8992N/generated-01KGFNBXGERZRHJ4D194X8K17E-01KGFNBXGEK5BKN265W996TEM1.jpeg,sc_01KGFKWZVWDRXCRWFV6RG7E51D,variant_01KGFMZ0MMT7TPYBHT25G031QS
prod_01KGFMZ0HPM6XG835JC55H6TN0,movement-windbreaker,Movement Windbreaker,published,https://cdn.mignite.app/ws/works_01KGFKTHDC6ZD3WS7GQTX8992N/generated-01KGFNBXGERZRHJ4D194X8K17E-01KGFNBXGEK5BKN265W996TEM1.jpeg,sc_01KGFKWZVWDRXCRWFV6RG7E51D,variant_01KGFMZ0MN4ST7B6NP7H64E58V
prod_01KGFMZ0HPM6XG835JC55H6TN0,movement-windbreaker,Movement Windbreaker,published,https://cdn.mignite.app/ws/works_01KGFKTHDC6ZD3WS7GQTX8992N/generated-01KGFNBXGERZRHJ4D194X8K17E-01KGFNBXGEK5BKN265W996TEM1.jpeg,sc_01KGFKWZVWDRXCRWFV6RG7E51D,variant_01KGFMZ0MNXBXSPAAV11FW9P0X
prod_01KGFMZ0HPM6XG835JC55H6TN0,movement-windbreaker,Movement Windbreaker,published,https://cdn.mignite.app/ws/works_01KGFKTHDC6ZD3WS7GQTX8992N/generated-01KGFNBXGERZRHJ4D194X8K17E-01KGFNBXGEK5BKN265W996TEM1.jpeg,sc_01KGFKWZVWDRXCRWFV6RG7E51D,variant_01KGFMZ0MN0FCYG9CS44RKB66F
prod_01KGFMZ0HPM6XG835JC55H6TN0,movement-windbreaker,Movement Windbreaker,published,https://cdn.mignite.app/ws/works_01KGFKTHDC6ZD3WS7GQTX8992N/generated-01KGFNBXGERZRHJ4D194X8K17E-01KGFNBXGEK5BKN265W996TEM1.jpeg,sc_01KGFKWZVWDRXCRWFV6RG7E51D,variant_01KGFMZ0MN4AA21Q0NAKP4WK72
prod_01KGFMZ0HPM6XG835JC55H6TN0,movement-windbreaker,Movement Windbreaker,published,https://cdn.mignite.app/ws/works_01KGFKTHDC6ZD3WS7GQTX8992N/generated-01KGFNBXGERZRHJ4D194X8K17E-01KGFNBXGEK5BKN265W996TEM1.jpeg,sc_01KGFKWZVWDRXCRWFV6RG7E51D,variant_01KGFMZ0MN7V9PV6AP1JTF00T1
prod_01KGFMZ0HPM6XG835JC55H6TN0,movement-windbreaker,Movement Windbreaker,published,https://cdn.mignite.app/ws/works_01KGFKTHDC6ZD3WS7GQTX8992N/generated-01KGFNBXGERZRHJ4D194X8K17E-01KGFNBXGEK5BKN265W996TEM1.jpeg,sc_01KGFKWZVWDRXCRWFV6RG7E51D,variant_01KGFMZ0MN2EPDP1T4QEW17MBQ
prod_01KGFMZ0HQR9W0SA54Z3VBHYNP,travel-hoodie,Travel Hoodie,published,https://cdn.mignite.app/ws/works_01KGFKTHDC6ZD3WS7GQTX8992N/generated-01KGFNC1EMHJWQHXS9AHTX9Z9Y-01KGFNC1EM9DCDF3HYWNY4TRP7.jpeg,sc_01KGFKWZVWDRXCRWFV6RG7E51D,variant_01KGFMZ0MPCZ28E7X50SRDT6DR
prod_01KGFMZ0HQR9W0SA54Z3VBHYNP,travel-hoodie,Travel Hoodie,published,https://cdn.mignite.app/ws/works_01KGFKTHDC6ZD3WS7GQTX8992N/generated-01KGFNC1EMHJWQHXS9AHTX9Z9Y-01KGFNC1EM9DCDF3HYWNY4TRP7.jpeg,sc_01KGFKWZVWDRXCRWFV6RG7E51D,variant_01KGFMZ0MPQ3ZCPCKTS9QRRQN7
prod_01KGFMZ0HQR9W0SA54Z3VBHYNP,travel-hoodie,Travel Hoodie,published,https://cdn.mignite.app/ws/works_01KGFKTHDC6ZD3WS7GQTX8992N/generated-01KGFNC1EMHJWQHXS9AHTX9Z9Y-01KGFNC1EM9DCDF3HYWNY4TRP7.jpeg,sc_01KGFKWZVWDRXCRWFV6RG7E51D,variant_01KGFMZ0MPK5M9A2PR0K8NFV96
prod_01KGFMZ0HQR9W0SA54Z3VBHYNP,travel-hoodie,Travel Hoodie,published,https://cdn.mignite.app/ws/works_01KGFKTHDC6ZD3WS7GQTX8992N/generated-01KGFNC1EMHJWQHXS9AHTX9Z9Y-01KGFNC1EM9DCDF3HYWNY4TRP7.jpeg,sc_01KGFKWZVWDRXCRWFV6RG7E51D,variant_01KGFMZ0MPAHP60F04ZMJVWA52
prod_01KGFMZ0HQR9W0SA54Z3VBHYNP,travel-hoodie,Travel Hoodie,published,https://cdn.mignite.app/ws/works_01KGFKTHDC6ZD3WS7GQTX8992N/generated-01KGFNC1EMHJWQHXS9AHTX9Z9Y-01KGFNC1EM9DCDF3HYWNY4TRP7.jpeg,sc_01KGFKWZVWDRXCRWFV6RG7E51D,variant_01KGFMZ0MQTXDB0F8H3GKGPH3E
prod_01KGFMZ0HQR9W0SA54Z3VBHYNP,travel-hoodie,Travel Hoodie,published,https://cdn.mignite.app/ws/works_01KGFKTHDC6ZD3WS7GQTX8992N/generated-01KGFNC1EMHJWQHXS9AHTX9Z9Y-01KGFNC1EM9DCDF3HYWNY4TRP7.jpeg,sc_01KGFKWZVWDRXCRWFV6RG7E51D,variant_01KGFMZ0MQVPBVQJFX3GK9QRH3
prod_01KGFMZ0HQR9W0SA54Z3VBHYNP,travel-hoodie,Travel Hoodie,published,https://cdn.mignite.app/ws/works_01KGFKTHDC6ZD3WS7GQTX8992N/generated-01KGFNC1EMHJWQHXS9AHTX9Z9Y-01KGFNC1EM9DCDF3HYWNY4TRP7.jpeg,sc_01KGFKWZVWDRXCRWFV6RG7E51D,variant_01KGFMZ0MQHEF8HGAQD3KCCGVJ
prod_01KGFMZ0HQR9W0SA54Z3VBHYNP,travel-hoodie,Travel Hoodie,published,https://cdn.mignite.app/ws/works_01KGFKTHDC6ZD3WS7GQTX8992N/generated-01KGFNC1EMHJWQHXS9AHTX9Z9Y-01KGFNC1EM9DCDF3HYWNY4TRP7.jpeg,sc_01KGFKWZVWDRXCRWFV6RG7E51D,variant_01KGFMZ0MQCVFHY9JRMV87C1H3
prod_01KGFMZ0HQSYH98G349M7G83B7,quilted-recovery-vest,Quilted Recovery Vest,published,https://cdn.mignite.app/ws/works_01KGFKTHDC6ZD3WS7GQTX8992N/generated-01KGFNBZBEKKX49KK2KFF0KD2H-01KGFNBZBEE1D8GNQ054VP1ZCV.jpeg,sc_01KGFKWZVWDRXCRWFV6RG7E51D,variant_01KGFMZ0MPA1E5ZQEWYXV31KC6
prod_01KGFMZ0HQSYH98G349M7G83B7,quilted-recovery-vest,Quilted Recovery Vest,published,https://cdn.mignite.app/ws/works_01KGFKTHDC6ZD3WS7GQTX8992N/generated-01KGFNBZBEKKX49KK2KFF0KD2H-01KGFNBZBEE1D8GNQ054VP1ZCV.jpeg,sc_01KGFKWZVWDRXCRWFV6RG7E51D,variant_01KGFMZ0MPPGG7WN4JDYVE2ESY
prod_01KGFMZ0HQSYH98G349M7G83B7,quilted-recovery-vest,Quilted Recovery Vest,published,https://cdn.mignite.app/ws/works_01KGFKTHDC6ZD3WS7GQTX8992N/generated-01KGFNBZBEKKX49KK2KFF0KD2H-01KGFNBZBEE1D8GNQ054VP1ZCV.jpeg,sc_01KGFKWZVWDRXCRWFV6RG7E51D,variant_01KGFMZ0MPZSZDCVQFCVAFQ5M2
prod_01KGFMZ0HQSYH98G349M7G83B7,quilted-recovery-vest,Quilted Recovery Vest,published,https://cdn.mignite.app/ws/works_01KGFKTHDC6ZD3WS7GQTX8992N/generated-01KGFNBZBEKKX49KK2KFF0KD2H-01KGFNBZBEE1D8GNQ054VP1ZCV.jpeg,sc_01KGFKWZVWDRXCRWFV6RG7E51D,variant_01KGFMZ0MPSTDM9AH5VZMGA6KK
prod_01KGFMZ0HQVZNE2TQ2CRMA8SEZ,warm-up-overshirt,Warm-Up Overshirt,published,https://cdn.mignite.app/ws/works_01KGFKTHDC6ZD3WS7GQTX8992N/generated-01KGFNC3VVVY7G13WKBDD77EEJ-01KGFNC3VVRVE1HQYAYGS1Z49C.jpeg,sc_01KGFKWZVWDRXCRWFV6RG7E51D,variant_01KGFMZ0MQYVSVPHF827NTPZ8H
prod_01KGFMZ0HQVZNE2TQ2CRMA8SEZ,warm-up-overshirt,Warm-Up Overshirt,published,https://cdn.mignite.app/ws/works_01KGFKTHDC6ZD3WS7GQTX8992N/generated-01KGFNC3VVVY7G13WKBDD77EEJ-01KGFNC3VVRVE1HQYAYGS1Z49C.jpeg,sc_01KGFKWZVWDRXCRWFV6RG7E51D,variant_01KGFMZ0MQ9R3P31B4GG0ZWDVT
prod_01KGFMZ0HQVZNE2TQ2CRMA8SEZ,warm-up-overshirt,Warm-Up Overshirt,published,https://cdn.mignite.app/ws/works_01KGFKTHDC6ZD3WS7GQTX8992N/generated-01KGFNC3VVVY7G13WKBDD77EEJ-01KGFNC3VVRVE1HQYAYGS1Z49C.jpeg,sc_01KGFKWZVWDRXCRWFV6RG7E51D,variant_01KGFMZ0MQXWW0PP2TBDK5QASJ
prod_01KGFMZ0HQVZNE2TQ2CRMA8SEZ,warm-up-overshirt,Warm-Up Overshirt,published,https://cdn.mignite.app/ws/works_01KGFKTHDC6ZD3WS7GQTX8992N/generated-01KGFNC3VVVY7G13WKBDD77EEJ-01KGFNC3VVRVE1HQYAYGS1Z49C.jpeg,sc_01KGFKWZVWDRXCRWFV6RG7E51D,variant_01KGFMZ0MQFBP9AK4MSZSHN9NF
prod_01KGFMZ0HQVZNE2TQ2CRMA8SEZ,warm-up-overshirt,Warm-Up Overshirt,published,https://cdn.mignite.app/ws/works_01KGFKTHDC6ZD3WS7GQTX8992N/generated-01KGFNC3VVVY7G13WKBDD77EEJ-01KGFNC3VVRVE1HQYAYGS1Z49C.jpeg,sc_01KGFKWZVWDRXCRWFV6RG7E51D,variant_01KGFMZ0MRMJTRRAP3KEKZX9VG
prod_01KGFMZ0HQVZNE2TQ2CRMA8SEZ,warm-up-overshirt,Warm-Up Overshirt,published,https://cdn.mignite.app/ws/works_01KGFKTHDC6ZD3WS7GQTX8992N/generated-01KGFNC3VVVY7G13WKBDD77EEJ-01KGFNC3VVRVE1HQYAYGS1Z49C.jpeg,sc_01KGFKWZVWDRXCRWFV6RG7E51D,variant_01KGFMZ0MRK63N5YQGZ3RFJX15
prod_01KGFMZ0HQVZNE2TQ2CRMA8SEZ,warm-up-overshirt,Warm-Up Overshirt,published,https://cdn.mignite.app/ws/works_01KGFKTHDC6ZD3WS7GQTX8992N/generated-01KGFNC3VVVY7G13WKBDD77EEJ-01KGFNC3VVRVE1HQYAYGS1Z49C.jpeg,sc_01KGFKWZVWDRXCRWFV6RG7E51D,variant_01KGFMZ0MRC3QD7MV7SWFYK62W
prod_01KGFMZ0HQVZNE2TQ2CRMA8SEZ,warm-up-overshirt,Warm-Up Overshirt,published,https://cdn.mignite.app/ws/works_01KGFKTHDC6ZD3WS7GQTX8992N/generated-01KGFNC3VVVY7G13WKBDD77EEJ-01KGFNC3VVRVE1HQYAYGS1Z49C.jpeg,sc_01KGFKWZVWDRXCRWFV6RG7E51D,variant_01KGFMZ0MRZZ7QMRBDNP09EYDR
prod_01KGHT4W8PF0TSPT955ZRRZA9X,essential-crewneck,Essential Crewneck,published,https://cdn.mignite.app/ws/works_01KGFKTHDC6ZD3WS7GQTX8992N/generated-01KGHT2WY6FX2PW89987T0RJG8-01KGHT2WY6CFV94THVQ985W8P2.jpeg,sc_01KGFKWZVWDRXCRWFV6RG7E51D,variant_01KGHT4WEJNNCNW9QSDCJA7G5H
prod_01KGHT4W8PF0TSPT955ZRRZA9X,essential-crewneck,Essential Crewneck,published,https://cdn.mignite.app/ws/works_01KGFKTHDC6ZD3WS7GQTX8992N/generated-01KGHT2WY6FX2PW89987T0RJG8-01KGHT2WY6CFV94THVQ985W8P2.jpeg,sc_01KGFKWZVWDRXCRWFV6RG7E51D,variant_01KGHT4WEJ6Z0VW97AN79MK8N6
prod_01KGHT4W8PF0TSPT955ZRRZA9X,essential-crewneck,Essential Crewneck,published,https://cdn.mignite.app/ws/works_01KGFKTHDC6ZD3WS7GQTX8992N/generated-01KGHT2WY6FX2PW89987T0RJG8-01KGHT2WY6CFV94THVQ985W8P2.jpeg,sc_01KGFKWZVWDRXCRWFV6RG7E51D,variant_01KGHT4WEK07PS9GVBFDFVA9NF
prod_01KGHT4W8PF0TSPT955ZRRZA9X,essential-crewneck,Essential Crewneck,published,https://cdn.mignite.app/ws/works_01KGFKTHDC6ZD3WS7GQTX8992N/generated-01KGHT2WY6FX2PW89987T0RJG8-01KGHT2WY6CFV94THVQ985W8P2.jpeg,sc_01KGFKWZVWDRXCRWFV6RG7E51D,variant_01KGHT4WEK5TM5PDDEV2JS837W
prod_01KGHT4W8PF0TSPT955ZRRZA9X,essential-crewneck,Essential Crewneck,published,https://cdn.mignite.app/ws/works_01KGFKTHDC6ZD3WS7GQTX8992N/generated-01KGHT2WY6FX2PW89987T0RJG8-01KGHT2WY6CFV94THVQ985W8P2.jpeg,sc_01KGFKWZVWDRXCRWFV6RG7E51D,variant_01KGHT4WEKD4WCVZNE6ZTAKWH8
prod_01KGHT4W8Q0EE0JX915W7YGXAT,essential-crossback-bra,Essential Crossback Bra,published,https://cdn.mignite.app/ws/works_01KGFKTHDC6ZD3WS7GQTX8992N/generated-01KGHT2Y595MN7WZ11ZP0H0ANX-01KGHT2Y5AAP2SFVVT8GZ138HH.jpeg,sc_01KGFKWZVWDRXCRWFV6RG7E51D,variant_01KGHT4WENYATBY5J37DX8CKKB
prod_01KGHT4W8Q0EE0JX915W7YGXAT,essential-crossback-bra,Essential Crossback Bra,published,https://cdn.mignite.app/ws/works_01KGFKTHDC6ZD3WS7GQTX8992N/generated-01KGHT2Y595MN7WZ11ZP0H0ANX-01KGHT2Y5AAP2SFVVT8GZ138HH.jpeg,sc_01KGFKWZVWDRXCRWFV6RG7E51D,variant_01KGHT4WEND55V7SM37XG3ANRZ
prod_01KGHT4W8Q0EE0JX915W7YGXAT,essential-crossback-bra,Essential Crossback Bra,published,https://cdn.mignite.app/ws/works_01KGFKTHDC6ZD3WS7GQTX8992N/generated-01KGHT2Y595MN7WZ11ZP0H0ANX-01KGHT2Y5AAP2SFVVT8GZ138HH.jpeg,sc_01KGFKWZVWDRXCRWFV6RG7E51D,variant_01KGHT4WEN9QJ2482J3YQ5P72C
prod_01KGHT4W8Q0EE0JX915W7YGXAT,essential-crossback-bra,Essential Crossback Bra,published,https://cdn.mignite.app/ws/works_01KGFKTHDC6ZD3WS7GQTX8992N/generated-01KGHT2Y595MN7WZ11ZP0H0ANX-01KGHT2Y5AAP2SFVVT8GZ138HH.jpeg,sc_01KGFKWZVWDRXCRWFV6RG7E51D,variant_01KGHT4WEN4KHGCT6SDTM8DY74
prod_01KGHT4W8Q0EE0JX915W7YGXAT,essential-crossback-bra,Essential Crossback Bra,published,https://cdn.mignite.app/ws/works_01KGFKTHDC6ZD3WS7GQTX8992N/generated-01KGHT2Y595MN7WZ11ZP0H0ANX-01KGHT2Y5AAP2SFVVT8GZ138HH.jpeg,sc_01KGFKWZVWDRXCRWFV6RG7E51D,variant_01KGHT4WENYEA93SQECW33NS1B
prod_01KGHT4W8Q13KXQXEHA9RTA3F9,essential-training-shorts,Essential Training Shorts,published,https://cdn.mignite.app/ws/works_01KGFKTHDC6ZD3WS7GQTX8992N/generated-01KGHT357TGR42BH8J6ZN357FN-01KGHT357T46D3VDQ4PRXMS34R.jpeg,sc_01KGFKWZVWDRXCRWFV6RG7E51D,variant_01KGHT4WEQSGH17TCVCEBQDQND
prod_01KGHT4W8Q13KXQXEHA9RTA3F9,essential-training-shorts,Essential Training Shorts,published,https://cdn.mignite.app/ws/works_01KGFKTHDC6ZD3WS7GQTX8992N/generated-01KGHT357TGR42BH8J6ZN357FN-01KGHT357T46D3VDQ4PRXMS34R.jpeg,sc_01KGFKWZVWDRXCRWFV6RG7E51D,variant_01KGHT4WEQXY4ZX0MYG9FXV1EM
prod_01KGHT4W8Q13KXQXEHA9RTA3F9,essential-training-shorts,Essential Training Shorts,published,https://cdn.mignite.app/ws/works_01KGFKTHDC6ZD3WS7GQTX8992N/generated-01KGHT357TGR42BH8J6ZN357FN-01KGHT357T46D3VDQ4PRXMS34R.jpeg,sc_01KGFKWZVWDRXCRWFV6RG7E51D,variant_01KGHT4WER63MXZYBAS1GSS50V
prod_01KGHT4W8Q13KXQXEHA9RTA3F9,essential-training-shorts,Essential Training Shorts,published,https://cdn.mignite.app/ws/works_01KGFKTHDC6ZD3WS7GQTX8992N/generated-01KGHT357TGR42BH8J6ZN357FN-01KGHT357T46D3VDQ4PRXMS34R.jpeg,sc_01KGFKWZVWDRXCRWFV6RG7E51D,variant_01KGHT4WERX23EQWJWC5M2S5EP
prod_01KGHT4W8Q13KXQXEHA9RTA3F9,essential-training-shorts,Essential Training Shorts,published,https://cdn.mignite.app/ws/works_01KGFKTHDC6ZD3WS7GQTX8992N/generated-01KGHT357TGR42BH8J6ZN357FN-01KGHT357T46D3VDQ4PRXMS34R.jpeg,sc_01KGFKWZVWDRXCRWFV6RG7E51D,variant_01KGHT4WERS5YYCVMX6PNQ4GQ3
prod_01KGHT4W8Q7BQJS519RE10H4KT,essential-performance-hoodie,Essential Performance Hoodie,published,https://cdn.mignite.app/ws/works_01KGFKTHDC6ZD3WS7GQTX8992N/generated-01KGHT32X2W9QYM1D8QP57AK5R-01KGHT32X34D5VXPK07VBRJ3FA.jpeg,sc_01KGFKWZVWDRXCRWFV6RG7E51D,variant_01KGHT4WENXEQMCY43NX9PV58S
prod_01KGHT4W8Q7BQJS519RE10H4KT,essential-performance-hoodie,Essential Performance Hoodie,published,https://cdn.mignite.app/ws/works_01KGFKTHDC6ZD3WS7GQTX8992N/generated-01KGHT32X2W9QYM1D8QP57AK5R-01KGHT32X34D5VXPK07VBRJ3FA.jpeg,sc_01KGFKWZVWDRXCRWFV6RG7E51D,variant_01KGHT4WENRDRTRA4QY6N7BCEX
prod_01KGHT4W8Q7BQJS519RE10H4KT,essential-performance-hoodie,Essential Performance Hoodie,published,https://cdn.mignite.app/ws/works_01KGFKTHDC6ZD3WS7GQTX8992N/generated-01KGHT32X2W9QYM1D8QP57AK5R-01KGHT32X34D5VXPK07VBRJ3FA.jpeg,sc_01KGFKWZVWDRXCRWFV6RG7E51D,variant_01KGHT4WENPDDWVWTGN055XKT6
prod_01KGHT4W8Q7BQJS519RE10H4KT,essential-performance-hoodie,Essential Performance Hoodie,published,https://cdn.mignite.app/ws/works_01KGFKTHDC6ZD3WS7GQTX8992N/generated-01KGHT32X2W9QYM1D8QP57AK5R-01KGHT32X34D5VXPK07VBRJ3FA.jpeg,sc_01KGFKWZVWDRXCRWFV6RG7E51D,variant_01KGHT4WEPAGEZVZJ6HE9CHMXM
prod_01KGHT4W8Q7BQJS519RE10H4KT,essential-performance-hoodie,Essential Performance Hoodie,published,https://cdn.mignite.app/ws/works_01KGFKTHDC6ZD3WS7GQTX8992N/generated-01KGHT32X2W9QYM1D8QP57AK5R-01KGHT32X34D5VXPK07VBRJ3FA.jpeg,sc_01KGFKWZVWDRXCRWFV6RG7E51D,variant_01KGHT4WEP3QES0EM1F77FYXNN
prod_01KGHT4W8QCDME3K609Z46FVWH,essential-tapered-joggers,Essential Tapered Joggers,published,https://cdn.mignite.app/ws/works_01KGFKTHDC6ZD3WS7GQTX8992N/generated-01KGHT33JKWVC78KX1CX9GV5C5-01KGHT33JK16RDDNHT4Q53NK0F.jpeg,sc_01KGFKWZVWDRXCRWFV6RG7E51D,variant_01KGHT4WEPJJB66DMNQXFQYM5A
prod_01KGHT4W8QCDME3K609Z46FVWH,essential-tapered-joggers,Essential Tapered Joggers,published,https://cdn.mignite.app/ws/works_01KGFKTHDC6ZD3WS7GQTX8992N/generated-01KGHT33JKWVC78KX1CX9GV5C5-01KGHT33JK16RDDNHT4Q53NK0F.jpeg,sc_01KGFKWZVWDRXCRWFV6RG7E51D,variant_01KGHT4WEP6JB9MC1G9HH00B9F
prod_01KGHT4W8QCDME3K609Z46FVWH,essential-tapered-joggers,Essential Tapered Joggers,published,https://cdn.mignite.app/ws/works_01KGFKTHDC6ZD3WS7GQTX8992N/generated-01KGHT33JKWVC78KX1CX9GV5C5-01KGHT33JK16RDDNHT4Q53NK0F.jpeg,sc_01KGFKWZVWDRXCRWFV6RG7E51D,variant_01KGHT4WEPDBK37XG974XTYD32
prod_01KGHT4W8QCDME3K609Z46FVWH,essential-tapered-joggers,Essential Tapered Joggers,published,https://cdn.mignite.app/ws/works_01KGFKTHDC6ZD3WS7GQTX8992N/generated-01KGHT33JKWVC78KX1CX9GV5C5-01KGHT33JK16RDDNHT4Q53NK0F.jpeg,sc_01KGFKWZVWDRXCRWFV6RG7E51D,variant_01KGHT4WEPNST0TB2A0FZNPD6W
prod_01KGHT4W8QCDME3K609Z46FVWH,essential-tapered-joggers,Essential Tapered Joggers,published,https://cdn.mignite.app/ws/works_01KGFKTHDC6ZD3WS7GQTX8992N/generated-01KGHT33JKWVC78KX1CX9GV5C5-01KGHT33JK16RDDNHT4Q53NK0F.jpeg,sc_01KGFKWZVWDRXCRWFV6RG7E51D,variant_01KGHT4WEQE7E48JHQVWJCJ9KN
prod_01KGHT4W8QH4FRQ2ZYM7EPGP7F,essential-high-waist-leggings,Essential High-Waist Leggings,published,https://cdn.mignite.app/ws/works_01KGFKTHDC6ZD3WS7GQTX8992N/generated-01KGHT349R7WDBJXW1F04RKFXD-01KGHT349R77AEGEM77JP223B8.jpeg,sc_01KGFKWZVWDRXCRWFV6RG7E51D,variant_01KGHT4WEQ2BMM81AABT22HMM4
prod_01KGHT4W8QH4FRQ2ZYM7EPGP7F,essential-high-waist-leggings,Essential High-Waist Leggings,published,https://cdn.mignite.app/ws/works_01KGFKTHDC6ZD3WS7GQTX8992N/generated-01KGHT349R7WDBJXW1F04RKFXD-01KGHT349R77AEGEM77JP223B8.jpeg,sc_01KGFKWZVWDRXCRWFV6RG7E51D,variant_01KGHT4WEQEX5BJNNF6BS2VAGJ
prod_01KGHT4W8QH4FRQ2ZYM7EPGP7F,essential-high-waist-leggings,Essential High-Waist Leggings,published,https://cdn.mignite.app/ws/works_01KGFKTHDC6ZD3WS7GQTX8992N/generated-01KGHT349R7WDBJXW1F04RKFXD-01KGHT349R77AEGEM77JP223B8.jpeg,sc_01KGFKWZVWDRXCRWFV6RG7E51D,variant_01KGHT4WEQKERVKT3WC1XETPMV
prod_01KGHT4W8QH4FRQ2ZYM7EPGP7F,essential-high-waist-leggings,Essential High-Waist Leggings,published,https://cdn.mignite.app/ws/works_01KGFKTHDC6ZD3WS7GQTX8992N/generated-01KGHT349R7WDBJXW1F04RKFXD-01KGHT349R77AEGEM77JP223B8.jpeg,sc_01KGFKWZVWDRXCRWFV6RG7E51D,variant_01KGHT4WEQ7D0W61KPJNB44W8S
prod_01KGHT4W8QH4FRQ2ZYM7EPGP7F,essential-high-waist-leggings,Essential High-Waist Leggings,published,https://cdn.mignite.app/ws/works_01KGFKTHDC6ZD3WS7GQTX8992N/generated-01KGHT349R7WDBJXW1F04RKFXD-01KGHT349R77AEGEM77JP223B8.jpeg,sc_01KGFKWZVWDRXCRWFV6RG7E51D,variant_01KGHT4WEQ88XF4FBGDSN4R0J6
prod_01KGHT4W8QNZXYKCRAA0H4GXT3,essential-oversized-crew,Essential Oversized Crew,published,https://cdn.mignite.app/ws/works_01KGFKTHDC6ZD3WS7GQTX8992N/generated-01KGHT2XDFV28W75BZ4GK6R0R7-01KGHT2XDGX6TXGT9MFWBCDF7H.jpeg,sc_01KGFKWZVWDRXCRWFV6RG7E51D,variant_01KGHT4WEMHB0YTZYPXD1T01P8
prod_01KGHT4W8QNZXYKCRAA0H4GXT3,essential-oversized-crew,Essential Oversized Crew,published,https://cdn.mignite.app/ws/works_01KGFKTHDC6ZD3WS7GQTX8992N/generated-01KGHT2XDFV28W75BZ4GK6R0R7-01KGHT2XDGX6TXGT9MFWBCDF7H.jpeg,sc_01KGFKWZVWDRXCRWFV6RG7E51D,variant_01KGHT4WEMHD1Q8MS6N9MV3DJ3
prod_01KGHT4W8QNZXYKCRAA0H4GXT3,essential-oversized-crew,Essential Oversized Crew,published,https://cdn.mignite.app/ws/works_01KGFKTHDC6ZD3WS7GQTX8992N/generated-01KGHT2XDFV28W75BZ4GK6R0R7-01KGHT2XDGX6TXGT9MFWBCDF7H.jpeg,sc_01KGFKWZVWDRXCRWFV6RG7E51D,variant_01KGHT4WEMKT1MBZHDHQ9QACQC
prod_01KGHT4W8QNZXYKCRAA0H4GXT3,essential-oversized-crew,Essential Oversized Crew,published,https://cdn.mignite.app/ws/works_01KGFKTHDC6ZD3WS7GQTX8992N/generated-01KGHT2XDFV28W75BZ4GK6R0R7-01KGHT2XDGX6TXGT9MFWBCDF7H.jpeg,sc_01KGFKWZVWDRXCRWFV6RG7E51D,variant_01KGHT4WEMBD2K3NP54R928V7D
prod_01KGHT4W8QNZXYKCRAA0H4GXT3,essential-oversized-crew,Essential Oversized Crew,published,https://cdn.mignite.app/ws/works_01KGFKTHDC6ZD3WS7GQTX8992N/generated-01KGHT2XDFV28W75BZ4GK6R0R7-01KGHT2XDGX6TXGT9MFWBCDF7H.jpeg,sc_01KGFKWZVWDRXCRWFV6RG7E51D,variant_01KGHT4WEN32KCCHCPSHZNNK7B
prod_01KGHT4W8QPRHMRB6WG1T05RZZ,essential-relaxed-longsleeve,Essential Relaxed Longsleeve,published,https://cdn.mignite.app/ws/works_01KGFKTHDC6ZD3WS7GQTX8992N/generated-01KGHT2X27KT47SKAPMV4Y28BC-01KGHT2X27QTVTT7X74KP5DWBP.jpeg,sc_01KGFKWZVWDRXCRWFV6RG7E51D,variant_01KGHT4WEK58Q3K1W084Z3CQ4K
prod_01KGHT4W8QPRHMRB6WG1T05RZZ,essential-relaxed-longsleeve,Essential Relaxed Longsleeve,published,https://cdn.mignite.app/ws/works_01KGFKTHDC6ZD3WS7GQTX8992N/generated-01KGHT2X27KT47SKAPMV4Y28BC-01KGHT2X27QTVTT7X74KP5DWBP.jpeg,sc_01KGFKWZVWDRXCRWFV6RG7E51D,variant_01KGHT4WEK7CGHZ2C0D4VPP4QD
prod_01KGHT4W8QPRHMRB6WG1T05RZZ,essential-relaxed-longsleeve,Essential Relaxed Longsleeve,published,https://cdn.mignite.app/ws/works_01KGFKTHDC6ZD3WS7GQTX8992N/generated-01KGHT2X27KT47SKAPMV4Y28BC-01KGHT2X27QTVTT7X74KP5DWBP.jpeg,sc_01KGFKWZVWDRXCRWFV6RG7E51D,variant_01KGHT4WEKJM875G3DPWVJGJBJ
prod_01KGHT4W8QPRHMRB6WG1T05RZZ,essential-relaxed-longsleeve,Essential Relaxed Longsleeve,published,https://cdn.mignite.app/ws/works_01KGFKTHDC6ZD3WS7GQTX8992N/generated-01KGHT2X27KT47SKAPMV4Y28BC-01KGHT2X27QTVTT7X74KP5DWBP.jpeg,sc_01KGFKWZVWDRXCRWFV6RG7E51D,variant_01KGHT4WEMZEEKTHFKZW89EN0G
prod_01KGHT4W8QPRHMRB6WG1T05RZZ,essential-relaxed-longsleeve,Essential Relaxed Longsleeve,published,https://cdn.mignite.app/ws/works_01KGFKTHDC6ZD3WS7GQTX8992N/generated-01KGHT2X27KT47SKAPMV4Y28BC-01KGHT2X27QTVTT7X74KP5DWBP.jpeg,sc_01KGFKWZVWDRXCRWFV6RG7E51D,variant_01KGHT4WEMAEE5CQ5K19SK168K